[{"id":"db29a6ba-323f-45d6-a6ca-f372fc406b2a","firstName":"Tallulah","lastName":"Mechelle","email":"kuve@mailinator.com","coverLetter":"Qui saepe non volupt","positionTitle":"Mid","phone":"543","year":"Graiden","country":"Remote","education":"Teegan","file":"/public/apply/44cf0e8d-0a91-43e5-96b7-c67a3f81fd23.jpg"},{"id":"a5e7917c-39ab-4442-979a-698c5cd028af","firstName":"Tallulah","lastName":"Mechelle","email":"kuve@mailinator.com","coverLetter":"Qui saepe non volupt","positionTitle":"Mid","phone":"543","year":"Graiden","country":"Remote","education":"Teegan","file":"/public/apply/72507fd3-c3cb-49fb-8431-c4e7a59d8ff9.jpg"},{"id":"a31c9f98-94c0-4f59-9644-4c877c0fbe21","firstName":"Yeo","lastName":"Ross","email":"zitube@mailinator.com","coverLetter":"Ea cupiditate alias ","positionTitle":"Mid","phone":"174","year":"Scott","country":"Remote","education":"Kristen","file":"/public/apply/49e1d6a8-6f7a-4956-9c61-783e9a5550d3.png"},{"id":"c62e67c9-f509-45d2-961c-7051f23b5f55","firstName":"Yeo","lastName":"Ross","email":"zitube@mailinator.com","coverLetter":"Ea cupiditate alias ","positionTitle":"Mid","phone":"174","year":"Scott","country":"Remote","education":"Kristen","file":"/public/apply/4e3938d9-8806-41c5-9beb-0281b1ff1126.png"},{"id":"3b5914de-05a6-4a8f-b9f3-7fb3ff43f9cb","firstName":"Yeo","lastName":"Ross","email":"zitube@mailinator.com","coverLetter":"Ea cupiditate alias ","positionTitle":"Mid","phone":"174","year":"Scott","country":"Remote","education":"Kristen","file":"/public/apply/5744363b-faef-4e9f-9012-73f7a7a2a559.png"},{"id":"92aea6a7-865c-4dd3-8073-eac61073a569","firstName":"Sean","lastName":"Gareth","email":"zavabime@mailinator.com","coverLetter":"Quis sunt aspernatu","positionTitle":"Mid","phone":"115","year":"Taylor","country":"Remote","education":"Shaine","file":"/public/apply/f6cb2223-73d9-41d6-8f78-f68e867cd619.jpg"},{"id":"e57640b0-f824-4afb-8701-566bb0abb160","firstName":"Sean","lastName":"Gareth","email":"zavabime@mailinator.com","coverLetter":"Quis sunt aspernatu","positionTitle":"Mid","phone":"115","year":"Taylor","country":"Remote","education":"Shaine","file":"/public/apply/c6a853d8-bd71-42ba-9f95-5b8ef3c10833.jpg"},{"id":"db462a04-3d92-4e78-a2d1-e7e5d97442a2","firstName":"Tarik","lastName":"Kirk","email":"dizucataw@mailinator.com","coverLetter":"Aut cillum quaerat n","positionTitle":"Mid","phone":"814","year":"Owen","country":"Remote","education":"Blake","file":"/public/apply/bf84f759-3004-4f77-a128-3e8c0b524d98.png"},{"id":"1a830ff2-2c7a-4946-a8fa-23a03e275b2a","firstName":"BBilawal","lastName":"ALi","email":"hasecafur@mailinator.com","coverLetter":"Aut adipisci sit ea","positionTitle":"Mid","phone":"20","year":"Farrah","country":"Remote","education":"Calista","file":"/public/apply/f1bff670-1d97-4175-bafa-fca7ae0cc550.jpg"},{"id":"3f3eff52-5ca2-444e-8fce-c87f07caf9e8","firstName":"Zachery","lastName":"Odysseus","email":"gamafiqi@mailinator.com","coverLetter":"Iste dicta ad exerci","positionTitle":"Mid","phone":"128","year":"Ferris","country":"Remote","education":"Jana","file":"/public/apply/63d7f298-167c-43e9-a8b7-7a3890800bce.jpg"},{"id":"5925fec0-b272-4cdd-987f-8a12713cf9c1","firstName":"Nayda","lastName":"Haviva","email":"wohekuxyz@mailinator.com","coverLetter":"Animi suscipit labo","positionTitle":"Senior","phone":"590","year":"Upton","country":"London","education":"Clare","file":"/public/apply/322d0b52-361e-469b-b790-90e1c66da76c.png"},{"id":"6e0766b8-91bf-4d42-a935-881539721869","firstName":"a","lastName":"aw","email":"a@a.com","coverLetter":"12","positionTitle":"Senior","phone":"12","year":"123","country":"America","education":"3","file":"/public/apply/af190297-af35-4869-a643-5e9a59f60f8e.jpg"},{"id":"525753f3-7838-4930-b9d2-cedd28513185","firstName":"Bilawal","lastName":"ali","email":"bilaw@GMAIL.COM","coverLetter":"12","positionTitle":"Senior","phone":"12","year":"12","country":"America","education":"12","file":"/public/apply/3105275a-e931-47f2-b2ec-3000f0a21122.pdf"},{"id":"bcfb0cb5-c684-4027-93a3-ed0c3cfa33c1","firstName":"Rose","lastName":"Gloria","email":"sapyrog@mailinator.com","coverLetter":"Neque voluptas volup","positionTitle":"Senior","phone":"389","year":"Channing","country":"London","education":"Xander","file":"/public/apply/17651995-049a-4765-9530-93ad1d99ac14.jpg"},{"id":"45f4d566-d271-4c41-8d30-2591c487825f","firstName":"as","lastName":"House","email":"admin@countrydairyfarms.com","coverLetter":"AS","positionTitle":"Senior","phone":"5771244599","year":"Thor","country":"London","education":"Ryder","file":"/public/apply/040beafe-9231-4424-8e1d-82ee8d49ef77.png"}]